{"cameraMode":{"drawMode":0,"name":"Shaded","section":"Shading Mode"},"sceneLighting":false,"audioPlay":false,"sceneViewState":{"m_AlwaysRefresh":false,"showFog":true,"showSkybox":true,"showFlares":true,"showImageEffects":true,"showParticleSystems":true,"showVisualEffectGraphs":true,"m_FxEnabled":false},"in2DMode":false,"pivot":{"x":4.476203441619873,"y":-2.979625701904297,"z":-3.9270544052124025},"rotation":{"x":0.029195310547947885,"y":0.9717208743095398,"z":-0.16407354176044465,"w":0.16825994849205018},"size":15.138728141784668,"orthographic":false}