{"cameraMode":{"drawMode":0,"name":"Shaded","section":"Shading Mode"},"sceneLighting":false,"audioPlay":false,"sceneViewState":{"m_AlwaysRefresh":false,"showFog":true,"showSkybox":true,"showFlares":true,"showImageEffects":true,"showParticleSystems":true,"showVisualEffectGraphs":true,"m_FxEnabled":false},"in2DMode":false,"pivot":{"x":0.887906551361084,"y":2.8437066078186037,"z":-1.1742348670959473},"rotation":{"x":-0.001300509786233306,"y":0.9956575632095337,"z":-0.09228033572435379,"w":-0.021890241652727128},"size":6.745250701904297,"orthographic":false}