{"cameraMode":{"drawMode":0,"name":"Shaded","section":"Shading Mode"},"sceneLighting":false,"audioPlay":false,"sceneViewState":{"m_AlwaysRefresh":false,"showFog":true,"showSkybox":true,"showFlares":true,"showImageEffects":true,"showParticleSystems":true,"showVisualEffectGraphs":true,"m_FxEnabled":false},"in2DMode":false,"pivot":{"x":6.804000377655029,"y":3.2781589031219484,"z":15.953021049499512},"rotation":{"x":-0.0016917390748858452,"y":0.9966684579849243,"z":-0.027554810047149659,"w":-0.07822605222463608},"size":1.2587909698486329,"orthographic":false}