{"cameraMode":{"drawMode":0,"name":"Shaded","section":"Shading Mode"},"sceneLighting":false,"audioPlay":false,"sceneViewState":{"m_AlwaysRefresh":false,"showFog":true,"showSkybox":true,"showFlares":true,"showImageEffects":true,"showParticleSystems":true,"showVisualEffectGraphs":true,"m_FxEnabled":false},"in2DMode":false,"pivot":{"x":-4.980000019073486,"y":2.1500000953674318,"z":-1.4499999284744263},"rotation":{"x":0.00034273340133950114,"y":0.9982840418815613,"z":-0.060878925025463107,"w":-0.006949544884264469},"size":6.786393642425537,"orthographic":false}